store,item,error_std,mae,wape,mean_forecast,mean_actual
1,1,4.848283935662042,3.9326728310993704,17.72786937571039,22.29250332482868,22.183561643835617
1,2,8.061403164935955,6.355685723519539,10.630185075766995,59.73453710040247,59.78904109589041
1,3,6.483179994695064,5.106181878596762,13.657895249067991,37.53777746523214,37.38630136986301
1,4,4.768720624260754,3.8141290480508823,17.233932935609953,22.345550944803712,22.13150684931507
1,5,4.265840035984461,3.3557816214768947,17.949300876891364,18.96879977031259,18.695890410958903
1,6,8.091163270529536,6.519841830812231,10.92426674736717,59.86396218255082,59.68219178082192
1,7,7.834668322085465,6.343304575687064,10.734913622615812,59.14010403525759,59.09041095890411
1,8,9.372111690243985,7.475711864262517,9.543684482724698,78.49654650296168,78.33150684931506
1,9,7.429513833162748,6.0041138889649055,11.578705391621444,51.9420119440475,51.85479452054795
1,10,9.18195622256074,7.426241888052015,9.859157927977979,75.26229061328571,75.32328767123288
1,11,8.40519300460205,6.60266869214027,9.249564661796962,71.52415335039213,71.38356164383562
1,12,8.273815247762101,6.725901135318837,9.390482784651248,71.55226332813143,71.62465753424658
1,13,9.640720776942056,7.433809648901703,8.691033061656379,85.62539262004631,85.53424657534246
1,14,7.552113535766475,5.900799581947719,9.887489544190045,59.61697446254504,59.679452054794524
1,15,9.346031484825305,7.456613774093762,8.266002634830295,90.28135877317723,90.20821917808219
1,16,5.494924349848432,4.350029054499153,16.685168189283218,26.14881078087735,26.07123287671233
1,17,5.80569734982809,4.587648966995712,13.77502363403615,33.32859271355238,33.3041095890411
1,18,9.903464129743998,8.073911225440362,9.413760093549696,85.96734938285579,85.76712328767124
1,19,6.595310659467875,5.214701713366199,12.555185523605955,41.61464143539799,41.534246575342465
1,20,7.429786688771698,5.738997486421987,11.837999901350805,48.597092064297364,48.47945205479452
1,21,6.435669979460788,5.10010805084603,12.503623311114998,40.84613342718284,40.78904109589041
1,22,9.57160631428681,7.3660898652685445,9.024949819821487,81.86789694477669,81.61917808219178
1,23,5.509814517049904,4.242324024723133,14.108868054887866,30.109609080040936,30.068493150684933
1,24,8.600092340524789,6.758385315301746,10.08178290046239,67.4017959921655,67.03561643835616
1,25,9.122520335691755,7.310468029180824,8.938798802891029,81.88830839490441,81.78356164383561
1,26,7.019826391386654,5.672471086405772,11.579708873255631,48.92631114795468,48.986301369863014
1,27,4.91380527735089,3.9907204393072577,17.811359260786855,22.49523795916364,22.405479452054795
1,28,10.415059512758106,8.411682803638394,9.392346732319783,89.61963254717085,89.55890410958904
1,29,8.821003404775913,7.055533108885439,9.899171957498309,71.2171805867682,71.27397260273973
1,30,6.586321610457318,5.189080908348403,12.495972366214735,41.64535930887401,41.52602739726027
1,31,7.7035168134394825,6.144030331141827,10.291744244455101,59.79402542472609,59.6986301369863
1,32,6.900588645370816,5.432740683908752,12.072757075352781,45.13773356733794,45.0
1,33,9.085949868025361,7.152745312422036,10.05643865426618,71.10980873199983,71.12602739726027
1,34,5.377061941735693,4.29979135638,16.402841190203805,26.364329207233475,26.213698630136985
1,35,7.966722663921611,6.246423804043382,9.320352744975205,67.1368589463717,67.01917808219179
1,36,9.19292110007391,7.360389358750713,9.463320708527986,77.97778445794054,77.77808219178083
1,37,6.206735216482405,5.043427930499246,17.040185084071318,29.658373818154857,29.5972602739726
1,38,10.571814242420325,8.335263663318623,10.03552987568049,83.35920863097401,83.05753424657534
1,39,7.356671414592086,5.8002207052008945,12.971512513928843,44.792444926087924,44.71506849315068
1,40,5.286203857790509,4.303532597221477,14.422820659129917,30.01755858832442,29.838356164383562
1,41,4.907668586007975,3.872773949298134,17.230162012357617,22.621307325538332,22.476712328767125
1,42,5.865757289327593,4.632880734979499,12.486166050856658,37.3423998982483,37.104109589041094
1,43,7.410419824312945,5.927486255741173,11.37922728315115,52.322238814574185,52.09041095890411
1,44,5.803706771374379,4.476070882815734,14.640791040664421,30.50797976589207,30.572602739726026
1,45,9.145221402359565,7.239195015611558,8.899650322324751,81.37781826424887,81.34246575342466
1,46,7.257399183866639,5.7757236720032745,9.676577344538671,59.79510837333003,59.68767123287671
1,47,4.765110834615793,3.7183443556543967,16.454845899780004,22.728435672284434,22.5972602739726
1,48,7.295643489820837,5.665422587091747,10.733308648855433,52.8593919228305,52.78356164383562
1,49,5.493969875561975,4.425347236861673,14.806597684980389,29.884680069764947,29.887671232876713
1,50,7.86729930610103,6.291464602433929,9.431512156597602,66.84256201425161,66.7068493150685
2,1,5.579516144135815,4.490465076363642,14.148996485434473,31.801737993852544,31.736986301369864
2,2,9.659477459188915,7.436227961790216,8.835937255203557,84.25091813920002,84.15890410958905
2,3,7.347432904263373,5.806654142984975,10.892885656522157,53.35488133805653,53.30684931506849
2,4,5.586765676262643,4.2878299376686035,13.432820592644756,31.944735121018574,31.92054794520548
2,5,5.266689107997226,4.17776383808358,15.788815499073378,26.518846230536383,26.46027397260274
2,6,9.795379917101997,7.657144923091888,9.098733264734639,84.54859583305549,84.15616438356165
2,7,9.831621464884071,7.889836828225522,9.34905834594785,84.36169745592386,84.3917808219178
2,8,10.564520442515668,8.381779727624476,7.550593811597152,110.28455431636138,111.00821917808219
2,9,8.894575288337073,7.021058577491074,9.513629508795493,73.83443584154412,73.8
2,10,10.903262241817933,8.623876291075414,8.123973690813312,105.95435949559234,106.15342465753425
2,11,9.344124054735166,7.463576086344988,7.353773171861036,101.36879519814433,101.4931506849315
2,12,10.82440079869415,8.624685357252307,8.580022227847076,100.46074001716022,100.52054794520548
2,13,11.681254136000632,9.357075607424512,7.708684339713232,118.95997059959164,121.38356164383562
2,14,9.593596993972158,7.620467418658775,8.971617610587533,85.22346981651333,84.93972602739726
2,15,12.705643077797783,9.98177623810276,7.89492139834339,122.59181577034634,126.43287671232876
2,16,6.49459927992284,5.167263164097541,13.927418807381498,37.34210248396269,37.1013698630137
2,17,7.510090899704287,6.01842605310093,12.664891953772495,47.751784779109805,47.52054794520548
2,18,12.641919623693786,10.219231971649146,8.330399476621267,119.58838917928192,122.67397260273972
2,19,7.403643369281187,5.83849999781555,10.027538580852042,58.43221626564775,58.224657534246575
2,20,7.921149147462351,6.370012001061933,9.283507208574985,68.81775625746536,68.61643835616438
2,21,7.764051891740043,6.046973372066467,10.41695903721097,58.08290436180908,58.04931506849315
2,22,11.619457607700651,9.229874490238933,8.001007431095832,114.19541745789557,115.35890410958905
2,23,7.387056767166038,5.764133291367206,13.585875315439946,42.478546945544174,42.42739726027397
2,24,10.283788357632007,8.203976845691457,8.563895065713497,95.78775590839919,95.7972602739726
2,25,11.541470030980093,9.305258965398703,8.040956278251205,114.47868610291606,115.72328767123288
2,26,8.262468616062467,6.655306741659555,9.591672434279939,69.47860669488601,69.38630136986302
2,27,5.6170586433907195,4.428629798765046,13.85964054316421,31.905034052757248,31.953424657534246
2,28,12.81884099727489,10.94564654857668,8.660093621118262,122.4046811435804,126.3917808219178
2,29,9.956403105428294,8.039019448912708,8.018150290622048,100.12242698592348,100.26027397260275
2,30,7.987851978367836,6.297091635323071,10.776119119006614,58.595189964499646,58.43561643835616
2,31,9.716530799978688,7.489058733801221,8.8891627519022,84.25066924379614,84.24931506849315
2,32,9.074512376036164,7.244967557167766,11.298496724487224,64.22999028134848,64.12328767123287
2,33,9.679797020841406,7.655312847635891,7.691134570292046,99.39214267761555,99.53424657534246
2,34,6.171683681846402,4.956456864945875,13.253529345825967,37.42308555546473,37.397260273972606
2,35,9.756158205217147,7.849571070196547,8.1782703183334,95.97167479809316,95.98082191780821
2,36,10.828490087426973,8.517477368059655,7.659790670268247,110.80612371289803,111.1972602739726
2,37,6.687126471344329,5.288907455758588,12.543542698842655,42.3690277627562,42.16438356164384
2,38,11.726685885232866,9.439798830058269,8.109792809328411,114.94753210731618,116.4
2,39,8.080987554758064,6.2026716470343475,9.954602080497457,62.43647421116188,62.30958904109589
2,40,6.684038148221848,5.151761884183346,12.200045985381959,42.24325618417737,42.227397260273975
2,41,5.655787306283708,4.494509008689883,14.014144781922155,32.051063854417244,32.07123287671233
2,42,7.597850384258973,6.056213018986589,11.399122070596663,53.24343838789541,53.12876712328767
2,43,9.15806392924955,7.271124123005895,9.854300849907736,73.8933968919015,73.78630136986301
2,44,7.037845408896095,5.584211896411535,13.160106806496707,42.554156433241246,42.43287671232877
2,45,11.981166488266947,9.760057810044216,8.353862444109698,115.53037409768274,116.83287671232877
2,46,9.639894260754527,7.6186778415745895,9.036255969892522,84.33569604744973,84.31232876712329
2,47,5.576303309257908,4.456712149825837,14.19087441931807,31.38860323071532,31.405479452054795
2,48,8.150853133408154,6.635345670762685,8.925048532681236,74.44302815436609,74.34520547945205
2,49,6.430972837523803,5.057651636300626,11.981067284850264,42.24608755236406,42.21369863013699
2,50,10.45266743643341,8.297824619890717,8.732285740572344,95.04568200921686,95.02465753424657
3,1,5.387889262653179,4.283061622692388,15.005927167236724,28.522697332230884,28.542465753424658
3,2,9.19289853423258,7.206378156849972,9.627143061453188,75.05075336165626,74.85479452054794
3,3,7.125984417521273,5.604648160339612,11.87356537537848,47.44058368746945,47.202739726027396
3,4,5.405350545996357,4.388701909610127,15.477064705388369,28.399770370496405,28.356164383561644
3,5,4.884637256796197,3.872204915186756,16.311076676782065,23.704250156619864,23.73972602739726
3,6,8.821267463205396,7.032606803300079,9.397750176482862,74.72309421115554,74.83287671232877
3,7,8.2251068045791,6.566603672486721,8.735368250082562,75.1667040781784,75.17260273972603
3,8,10.261829955851487,8.088848665311927,8.218544045314701,98.40792936357028,98.42191780821918
3,9,8.12370373807209,6.334780936585428,9.721640774695935,65.2153837989254,65.16164383561645
3,10,10.764374243563221,8.653006666436369,9.18551487101348,94.2411311415898,94.2027397260274
3,11,9.850703919385115,7.696562801133674,8.596748339597866,89.45456933919714,89.52876712328766
3,12,9.409664289403464,7.368069343675035,8.295839689189302,88.80446980579924,88.81643835616438
3,13,10.871707842575399,8.624030361384445,7.9270973378965035,108.44944767319946,108.79178082191781
3,14,8.493425892178047,6.728106109584811,8.908327819488722,75.64222527798364,75.52602739726028
3,15,11.143285671204875,9.032919624668978,7.952856364435866,112.35924662276281,113.58082191780822
3,16,5.910602645283701,4.646300177200329,14.068017956682871,33.1139089345513,33.02739726027397
3,17,6.663774539276188,5.378955420810586,12.693597521147371,42.50934735520217,42.37534246575343
3,18,10.021695606856758,7.950107757317471,7.39045775117379,107.17850172300619,107.57260273972602
3,19,7.4260849135036375,5.841050056565899,11.325877978360355,51.856508175872186,51.57260273972603
3,20,8.148025145197654,6.62677686220201,10.800024802213493,61.38252935819146,61.35890410958904
3,21,6.931722912929201,5.487573619870718,10.546358315358109,52.12898041969098,52.032876712328765
3,22,10.288656744490764,8.170887688823795,7.953845760669632,102.63911743982162,102.72876712328767
3,23,5.92105255055222,4.606292312041071,12.239183911297888,37.696633233233314,37.635616438356166
3,24,10.148033698664399,8.089943009558132,9.524640986029025,84.82813555611344,84.93698630136986
3,25,11.208868311147828,8.646987588795534,8.356457597263285,103.21964558344669,103.47671232876712
3,26,8.412633280139488,6.762836516474202,11.159291720221898,60.7630650935464,60.602739726027394
3,27,5.707053857848879,4.573015263154983,16.208492630137588,28.221213267986396,28.213698630136985
3,28,11.615237844106986,8.971468508512254,7.962325549790821,112.1440618795166,112.67397260273972
3,29,10.07057308345397,7.8296668923157,8.704664541729555,89.875396051026,89.94794520547946
3,30,7.80027396196245,6.1386984140709036,11.80270186017636,52.185791944518165,52.010958904109586
3,31,8.953862909525416,7.294001022837325,9.696996442672095,75.52001743958793,75.21917808219177
3,32,7.48809378383706,5.970108137551317,10.498094475146845,56.80172656524615,56.868493150684934
3,33,9.099157956969012,7.180337446526723,8.052178837354841,89.15788017053873,89.17260273972603
3,34,6.3085312641546585,5.024752704031967,15.21389246762064,33.05619734560156,33.02739726027397
3,35,9.369455299486402,7.525156755711513,9.026824687244321,83.5268520362041,83.36438356164383
3,36,10.44609292941174,8.386741397352127,8.452742261586433,99.24931815704717,99.21917808219177
3,37,6.35881620397457,5.0947808299925725,13.525310953140512,37.72092313774311,37.66849315068493
3,38,10.630158762804937,8.51830140440714,8.231223393981432,103.30349831204154,103.4876712328767
3,39,7.958151269602725,6.536851773052015,11.479748350481069,56.992712941725905,56.942465753424656
3,40,6.524070436687128,5.212189098657106,13.63762739075157,38.44701778612769,38.21917808219178
3,41,5.278252237743034,4.102313148794244,14.46569702743599,28.389585852033253,28.35890410958904
3,42,7.0975495796682155,5.606472541213627,11.831420429827554,47.50091566466171,47.38630136986301
3,43,8.150931607234545,6.549940027895692,10.015618392048294,65.41778706195026,65.3972602739726
3,44,6.285225940983919,5.004149002461041,13.433216046909466,37.352548511105795,37.25205479452055
3,45,10.673025823325506,8.361951300301403,8.063065608036384,103.50832157330652,103.7068493150685
3,46,8.511909976538181,6.724508716680985,8.893563597320673,75.53237738638359,75.6109589041096
3,47,5.593080733850373,4.398514194688362,15.492209602057821,28.35516899634978,28.39178082191781
3,48,8.779844109082184,6.890009985052666,10.502186772505736,65.8882080861139,65.6054794520548
3,49,6.4397928928188435,5.094826506397407,13.578763598649534,37.6704383761679,37.52054794520548
3,50,8.615173095416907,6.89075813254474,8.20194592655741,84.20392255727559,84.01369863013699
4,1,5.307870658384063,4.198980092930423,16.341056977498713,25.73399037386752,25.695890410958903
4,2,8.380150472830158,6.56144647455888,9.468363893468773,69.27753729681365,69.2986301369863
4,3,6.98622533771937,5.553338271034476,12.807028931115081,43.323443943574844,43.36164383561644
4,4,5.398053408695176,4.359060146289151,16.792157819477993,25.786051504036855,25.958904109589042
4,5,4.861855932307698,3.8787521923039368,17.91628132360082,21.842230149401864,21.649315068493152
4,6,8.73695873584521,6.841246354570085,9.97824143623609,68.7972865294372,68.56164383561644
4,7,8.961773514662868,7.118692457541159,10.272892685733298,69.37957628875844,69.2958904109589
4,8,10.041410511760837,7.818543846804483,8.519729233590985,91.83188719277119,91.76986301369863
4,9,8.317816023094837,6.5144948639792375,10.787055416016067,60.42321485672495,60.391780821917806
4,10,9.507151474753407,7.509784037485647,8.683894103222752,86.7157880672595,86.47945205479452
4,11,9.643588017982262,7.608844527440019,9.211065147144728,82.47949229315223,82.6054794520548
4,12,9.780111846027777,7.747339955744056,9.440720741984377,81.91360009298852,82.06301369863014
4,13,9.8994980688841,7.652469142407805,7.745628898197079,98.54149053683325,98.7972602739726
4,14,8.575657277379587,6.770562166673027,9.776694982931735,69.2364488501575,69.25205479452055
4,15,10.951684647155018,8.671160766767763,8.306799506234045,103.91667620638903,104.38630136986302
4,16,5.5286531876876905,4.408563118324889,14.354375898203248,30.827446900310445,30.71232876712329
4,17,6.136933926804487,4.856980092787457,12.562342218448283,38.83726335671053,38.66301369863014
4,18,11.27529462907038,9.284374606808282,9.293540838868536,99.92689666308394,99.9013698630137
4,19,7.257061955244875,5.839624096679196,12.221690339953591,47.99442804947823,47.78082191780822
4,20,7.8292079401142,6.300718701421895,11.210696724280938,56.38240538275931,56.202739726027396
4,21,7.584872794904113,6.0147275651146055,12.741587703231753,47.36179528980185,47.205479452054796
4,22,9.493313133823877,7.678238125673303,8.096131603509232,94.78553881736553,94.83835616438355
4,23,6.066374180622053,4.841273976953131,13.950146061323856,34.91844904091338,34.704109589041096
4,24,9.376245178147327,7.469266863577445,9.528124996350497,78.57304549655015,78.3917808219178
4,25,10.26903345206948,8.223576993487312,8.674659275830498,94.88337450687247,94.8
4,26,7.454043315203148,5.853787111560504,10.307454752856307,57.07595939711892,56.79178082191781
4,27,5.425295555869762,4.331896947372452,16.70867997242888,26.031762898355232,25.926027397260274
4,28,11.623769988811297,9.02474176530768,8.708377159459904,103.63265889562643,103.63287671232877
4,29,9.432219974447106,7.392089243013971,8.92203489864786,82.894231267616,82.85205479452055
4,30,7.3054728289643185,5.622220917762266,11.796451109354031,47.992856141562996,47.66027397260274
4,31,8.37454566984736,6.705984013897362,9.72422297514019,68.94419190106909,68.96164383561644
4,32,7.435230713232575,5.954157880484403,11.439454818279856,52.175855837766505,52.04931506849315
4,33,9.270834009215886,7.370815561445279,8.951116848308246,82.44145665150161,82.34520547945205
4,34,5.895774972708003,4.632674895227137,15.147597749331766,30.586529772832325,30.583561643835615
4,35,9.018565468959288,7.37016033516344,9.429712991919011,78.43865517602109,78.15890410958905
4,36,10.404321870180526,8.412039250994038,9.20630363890985,91.47707319102898,91.37260273972603
4,37,6.106236159877774,4.775748238896104,13.762419921025407,34.75485788703051,34.701369863013696
4,38,9.634057143512477,7.573155686974282,7.943108694671301,95.23491557960766,95.34246575342466
4,39,7.968129145164556,6.32014388332592,12.060712696261625,52.48797157330716,52.4027397260274
4,40,6.09810130523362,4.898246278764181,14.182610596136172,34.44931379149035,34.536986301369865
4,41,5.640033026446585,4.417473968866995,16.892383432545344,26.24138180618426,26.15068493150685
4,42,6.625563619216733,5.193483533477965,11.991532703184827,43.4205229692886,43.30958904109589
4,43,7.89998184190064,6.3867014920526035,10.42085849172642,61.3226061151093,61.28767123287671
4,44,6.28976431251077,4.999484196978162,14.374255469846625,34.83059437241593,34.78082191780822
4,45,10.267294342267864,8.197905476640456,8.583824834257339,95.48654182187335,95.5041095890411
4,46,8.967875520488347,7.109892834092095,10.273191419356378,69.31844125991043,69.20821917808219
4,47,5.529219841850005,4.312533805236714,16.477282936369733,26.102643898581807,26.172602739726027
4,48,7.9877422125835675,6.147970490084043,10.181530076591086,60.46530018899975,60.38356164383562
4,49,5.763615098948595,4.576759021861687,13.197322191337618,34.712524291490524,34.679452054794524
4,50,9.546248575557332,7.531258817463204,9.737546823854302,77.54095405925223,77.34246575342466
5,1,4.472710939178792,3.529812047166037,18.62630327042943,19.08775601958223,18.95068493150685
5,2,7.741246802336935,6.164273276136792,12.263365922439249,50.46252193612315,50.26575342465753
5,3,5.7219852537521865,4.591408238541171,14.660694664224716,31.310825809540354,31.317808219178083
5,4,4.332205538255629,3.558581807843202,19.16320979437546,18.8171436057668,18.56986301369863
5,5,4.074150115478491,3.2083990892566394,19.936426073862332,16.239437201647696,16.09315068493151
5,6,7.241058616600614,5.77091821111837,11.49648044459232,50.46027396786288,50.1972602739726
5,7,7.230594871009271,5.7510236139037065,11.47814752337518,50.112103076117656,50.104109589041094
5,8,8.837671196804196,7.063455995975,10.661489697009657,66.33045714924141,66.25205479452055
5,9,7.349224009437643,5.903649411790888,13.55155043898921,43.791781942499476,43.56438356164384
5,10,7.686898950460336,6.032806480643617,9.574217859189185,62.95379425488105,63.010958904109586
5,11,8.23766812115318,6.598005425733889,11.015789865487465,60.11175521222906,59.895890410958906
5,12,7.723127915357794,5.957751154230827,10.0484227683298,59.290649478191405,59.29041095890411
5,13,8.953419349376489,7.19319816727253,9.948909931998761,72.37557944412897,72.3013698630137
5,14,7.395599593237343,5.868669448436938,11.684837162772652,50.2585014170373,50.224657534246575
5,15,9.593682549617432,7.6503516302958365,10.166672777462974,75.26847691211594,75.24931506849315
5,16,4.43584719366443,3.398539608937724,15.678298246489753,21.77794849229869,21.676712328767124
5,17,5.462518608727957,4.28967357105877,15.129296100458506,28.282814431888543,28.353424657534248
5,18,8.425513606443133,6.576748790540231,9.088378103763995,72.30029091308357,72.36438356164383
5,19,5.805177722013439,4.625091801857887,13.281083374070718,34.949781164352316,34.824657534246576
5,20,6.212183375668825,5.053966875416906,12.498800118755815,40.55930575449541,40.43561643835616
5,21,5.973262110284693,4.7633930471621095,13.95040088433098,34.35624255807886,34.14520547945205
5,22,8.052415672588408,6.404924821652348,9.292461880527494,68.98886079190017,68.92602739726027
5,23,5.157307979673193,4.066011898293316,16.11044662263418,25.343764417605545,25.23835616438356
5,24,7.809203439903925,6.248444349333203,11.101991858572845,56.46344923584956,56.28219178082192
5,25,8.348235933915465,6.426362832880891,9.238735019108768,69.78665622443062,69.55890410958904
5,26,6.485042515758706,5.2007752977860395,12.754706602781054,41.08529271575451,40.775342465753425
5,27,4.423790099136774,3.519123617251596,18.677913629443545,19.082540323090914,18.84109589041096
5,28,8.654843329667552,6.835230572479727,9.07881790012773,75.18699382845838,75.28767123287672
5,29,8.335101622130178,6.497493116546974,10.94914583351637,59.49935394698181,59.342465753424655
5,30,5.917718632588686,4.648569517498924,13.51974401503671,34.55917914438388,34.38356164383562
5,31,7.911288993879645,6.384744549593303,12.63791627224271,50.81888393392262,50.52054794520548
5,32,6.005907533044863,4.873774423900285,12.907616200287361,37.76833162318367,37.75890410958904
5,33,7.740024767108318,6.1739547338106915,10.354224764937063,59.990732185523356,59.62739726027397
5,34,5.009367202062421,3.907987514115962,17.743692532060283,22.148053088183314,22.024657534246575
5,35,7.1848887366935195,5.689243675492947,9.997948683461365,56.925014193911544,56.9041095890411
5,36,8.401560901129614,6.525290597352714,9.96456810322877,65.34769368891337,65.48493150684932
5,37,4.727531722441488,3.7228575227701595,14.787713524987575,25.372221083598262,25.175342465753424
5,38,8.326550386399338,6.636349988005991,9.600744136433558,69.07892195609291,69.12328767123287
5,39,6.967447708259102,5.593433786260303,14.950229437500079,37.661121950532426,37.413698630136984
5,40,5.2187209202754605,4.091164926613867,16.422250062840224,25.062508539260133,24.912328767123288
5,41,4.558514338774847,3.654657589257337,19.318609993901926,19.238163184102564,18.91780821917808
5,42,5.648171714385251,4.432997241200593,14.240837819382296,31.005239638968835,31.12876712328767
5,43,7.199864921927211,5.7005693628545835,12.969568144623345,44.045834149511975,43.95342465753425
5,44,5.299122151367617,4.123234492853895,16.596609945871986,25.042892248594402,24.843835616438355
5,45,8.841250829322403,6.965489946954831,10.085302196193872,69.24811524967164,69.06575342465753
5,46,7.318381617556709,5.689746300770225,11.315012530135842,50.464545244685304,50.28493150684932
5,47,4.722606230802201,3.7208024347043267,19.85515919103917,18.918694355216587,18.73972602739726
5,48,6.5699544498665725,5.267232984495745,11.89617003490469,44.21642681635903,44.276712328767125
5,49,5.206787622385825,4.092986939751067,16.070785639082825,25.614552159232296,25.46849315068493
5,50,7.856526069999804,6.408130395560976,11.22938016409696,57.1075670559548,57.06575342465754
6,1,3.93921958211279,3.1485678567739717,17.038210047776126,18.74469088760127,18.47945205479452
6,2,7.317638327524498,5.798112429460214,11.438900798621578,50.740234668299635,50.68767123287671
6,3,5.905959201907054,4.869530770795164,15.520247392073305,31.349802580498434,31.375342465753423
6,4,4.564135354896393,3.617361809403431,19.337098131696724,18.926229764975897,18.706849315068492
6,5,4.250175928382711,3.2785020250337604,20.935151139561274,15.90149932113797,15.66027397260274
6,6,6.964776332782051,5.688802985728325,11.30820765597886,50.53768284710793,50.30684931506849
6,7,7.543303654548795,5.794287785288209,11.619135488573763,50.15679356138395,49.868493150684934
6,8,8.012999738711022,6.401164445433118,9.722545972215421,65.71744652347726,65.83835616438355
6,9,6.62507550041124,5.174405376053886,11.62751931453345,44.560824151693616,44.5013698630137
6,10,7.395497287668677,5.77631062553787,9.2418944387907,62.6056948757075,62.5013698630137
6,11,8.052560225962283,6.468359537360886,10.884975708329753,59.443303307141406,59.42465753424658
6,12,8.016073189095016,6.341084134694737,10.702870331392273,59.22811447804698,59.24657534246575
6,13,9.153710386305816,7.178321134766436,9.854026906576964,72.9258700240704,72.84657534246575
6,14,7.566279642240366,6.2006565326190755,12.227779104251784,50.78869460379356,50.70958904109589
6,15,9.620884489237586,7.634699912390106,10.202333850854465,75.02951241419244,74.83287671232877
6,16,4.501888359376099,3.6282230003720466,16.446862830797283,22.19581434441094,22.06027397260274
6,17,5.450873940240225,4.478661412178082,15.946848263047505,28.010440377130397,28.084931506849315
6,18,8.990579433219382,7.232164120937817,10.022933151620546,72.26735797420014,72.15616438356165
6,19,5.879890137347971,4.649645827836272,13.55852622162051,34.23890482932878,34.293150684931504
6,20,6.50264693304332,5.2323264737035275,12.868399453552911,40.555394652100084,40.66027397260274
6,21,5.931540864497839,4.732787048920846,13.707881866815654,34.6427398225464,34.52602739726027
6,22,8.620736868951003,6.845536138059047,9.993283567538104,68.58901793255845,68.5013698630137
6,23,5.015765119694791,3.9873381344271825,15.878010245100608,25.122278950218156,25.112328767123287
6,24,7.86031125598662,6.19560267617784,10.91986564684394,56.981617094251334,56.73698630136986
6,25,8.517564685791704,6.590162405029083,9.536949004185296,69.02632811164543,69.1013698630137
6,26,6.412788946931095,5.181180724025007,12.696414664445301,40.933056317591486,40.80821917808219
6,27,4.576637172169527,3.558699862081594,18.641295201776433,19.23632876007668,19.09041095890411
6,28,9.289609036977266,7.361529133403258,9.80963869041725,75.20068571349276,75.04383561643836
6,29,7.94254733614994,6.3717984014167985,10.788136267358436,59.37232180332227,59.06301369863014
6,30,6.1542521158393715,4.903802697524894,14.418301793109281,34.071608861257644,34.010958904109586
6,31,6.739028333881608,5.275495797599783,10.429269166028927,50.944866796694946,50.583561643835615
6,32,6.365058913796002,4.955267450738776,13.132969935518831,37.76434442088413,37.73150684931507
6,33,7.942644975940943,6.345665959636948,10.653946988350901,59.63654691884984,59.56164383561644
6,34,4.649534323479747,3.603821940505583,16.360634431399728,22.101626135299007,22.027397260273972
6,35,8.074063173140635,6.4494509966322715,11.521386128478754,56.24510650903565,55.97808219178082
6,36,8.320251600167905,6.601911434300361,9.965252361439278,66.36539564369515,66.24931506849315
6,37,4.92761957336906,3.912874929465578,15.654930935601621,25.054539632268323,24.994520547945207
6,38,8.679755092182615,7.018912145177291,10.179207457842146,69.07709156721334,68.95342465753424
6,39,6.124270207385311,4.871383108344758,13.055693035801724,37.33836881218471,37.31232876712329
6,40,5.460946561985285,4.265575740057236,16.66418864519845,25.54157207646324,25.5972602739726
6,41,4.46297830090151,3.5743046512255257,19.390921487772246,18.625995112826548,18.432876712328767
6,42,5.709156651056199,4.42840468931419,14.258713052220177,31.05371978522676,31.057534246575344
6,43,6.730228656233606,5.320174562497782,12.004597646585625,44.48257701694433,44.31780821917808
6,44,5.45517007272394,4.316048654458678,17.249072143626602,25.16328254773831,25.02191780821918
6,45,8.78625030752228,7.015049877390316,10.143781020709396,69.34592212509666,69.15616438356165
6,46,7.0716487113367235,5.482646495084154,11.048840385963539,49.7438462157293,49.62191780821918
6,47,4.329481282859418,3.3406948384008612,17.88432995037129,18.875639230699075,18.67945205479452
6,48,6.4282507983475465,5.056323837609592,11.459535552483707,44.19836958570163,44.12328767123287
6,49,5.016091997146972,4.062270373484848,16.300887052792103,25.06668105200422,24.92054794520548
6,50,7.316253447630376,5.803521426572287,10.236229441861818,56.745143577753026,56.6958904109589
7,1,4.3071179306244725,3.389003094950163,19.75069662552785,17.414611903057985,17.15890410958904
7,2,6.6476622579065365,5.259692281432653,11.508138608817397,45.87394444653188,45.704109589041096
7,3,5.144273132625538,4.0408141639179025,13.93384194454449,28.946666892332647,29.0
7,4,4.1849540304452875,3.2864542061288953,19.341434782925617,17.16505907459151,16.991780821917807
7,5,4.093434271173852,3.2336398640351383,22.396177426429325,14.854697631399175,14.438356164383562
7,6,6.77485165353462,5.394941544231185,11.740720627500492,46.18894648399638,45.95068493150685
7,7,6.944074119468491,5.576227189749305,12.09126670384659,46.14380404481093,46.11780821917808
7,8,7.3028900472743885,5.733653862073932,9.485919951305345,60.42862588222372,60.443835616438356
7,9,6.5176153401662456,5.011013353387371,12.350731811644206,40.7116818287888,40.57260273972603
7,10,7.726867404195778,6.212482705202464,10.740603388588951,58.120660066772636,57.84109589041096
7,11,7.395608846430672,5.84922920795137,10.679114950491448,54.57283176432648,54.772602739726025
7,12,7.705185798926829,6.011878112069788,10.981560959390816,54.84573214296141,54.74520547945205
7,13,8.637975519646632,6.916464659430859,10.466023799561642,66.2305462024415,66.08493150684932
7,14,6.8357235491939,5.445060870468097,11.882382026311465,45.97371963581234,45.824657534246576
7,15,7.853831440898711,6.10615669183254,8.90715047765517,68.66818605811373,68.55342465753425
7,16,4.883436889251675,3.9609479545082635,20.013095285098508,19.996827240003075,19.791780821917808
7,17,5.4809852570249324,4.3675274587112245,17.002426647073346,25.726360171048842,25.687671232876713
7,18,8.08102345070735,6.3261569531235144,9.625442027137783,65.85341015858587,65.72328767123288
7,19,5.708469622887488,4.554128326210542,14.313759055083509,31.883961697526956,31.816438356164383
7,20,6.6069913510827805,5.143626827423749,13.798499132806619,37.509931285125454,37.276712328767125
7,21,5.527197015517943,4.431719429241654,13.933823685702503,31.828413288097632,31.805479452054794
7,22,8.701534874420945,6.980734233484763,11.086798343146544,63.15929195826237,62.964383561643835
7,23,5.250818923212491,4.1855749103693665,18.178663044797936,23.215722861724185,23.024657534246575
7,24,7.252903096767286,5.766481049064277,11.23080722964869,51.308743622402574,51.345205479452055
7,25,7.988168681498449,6.394254827942129,10.021052006006343,63.815194981722016,63.80821917808219
7,26,6.326600616086309,4.923209000103661,13.291207729569795,37.092859551715,37.04109589041096
7,27,4.432118000822623,3.503366771454203,20.400907332175876,17.479055973084897,17.172602739726027
7,28,8.427337160690357,6.539371923238919,9.564316204448652,68.74492048460347,68.37260273972603
7,29,7.601877093429015,6.084251760310772,11.121553948885374,54.71137060822051,54.706849315068496
7,30,5.715958587862932,4.5918258994700905,14.659463424355664,31.369637839002777,31.323287671232876
7,31,7.059205636126273,5.635300699421702,12.092209025802005,46.81151619673933,46.602739726027394
7,32,5.957454607566847,4.728377065326372,13.809070482030132,34.077788741796006,34.24109589041096
7,33,7.868091814666749,6.212609596089413,11.422539303710638,54.50558722471182,54.38904109589041
7,34,4.501322491156167,3.568419481418725,17.631963052901508,20.419284737780263,20.23835616438356
7,35,7.101342559204811,5.694182923123863,10.927897191967032,52.228039587785574,52.106849315068494
7,36,8.080458710244061,6.420680814289933,10.6510407545145,60.20790850151381,60.28219178082192
7,37,4.93637808842782,3.9531109397289077,17.359065122726797,22.891378260706148,22.77260273972603
7,38,8.04119066122329,6.386959606245052,10.27294873432091,62.267344207516146,62.172602739726024
7,39,6.227216553132856,4.866388815863428,14.190556185908376,34.47861991299418,34.293150684931504
7,40,4.803129067439791,3.8015955914234913,16.548388680615076,23.0774676416939,22.972602739726028
7,41,4.344656854775839,3.5250822729278797,20.612864941023325,17.288684401213096,17.101369863013698
7,42,5.852758753167444,4.806306213424599,16.87153075495267,28.626311108281357,28.487671232876714
7,43,6.6012630642514925,5.217933192640162,12.931461266388236,40.300914178396425,40.35068493150685
7,44,4.85774071326735,3.900411934431239,16.905953640510653,23.12513958470293,23.07123287671233
7,45,7.879044331239309,6.223456096449784,9.83572840530059,63.3346048893168,63.273972602739725
7,46,6.97879105773059,5.5614115643071225,12.03697355889528,46.346435065177495,46.202739726027396
7,47,4.125300367616702,3.2690414711999307,18.51357854131846,17.89120268689336,17.65753424657534
7,48,6.555996086547388,5.27576830090832,13.047329967013596,40.45584394804534,40.43561643835616
7,49,5.252293038060406,4.2348065070881775,18.45396818394442,23.12332698116103,22.947945205479453
7,50,7.52762490575786,5.893895919516599,11.477735744670325,51.65704234716152,51.35068493150685
8,1,6.041342334368676,4.594915009165831,15.155828468692647,30.2551376585476,30.317808219178083
8,2,9.447997521163098,7.388037637031829,9.135866576944194,81.09873067213634,80.86849315068493
8,3,7.748012130534817,5.914040838639907,11.645581064434431,50.909513250240856,50.78356164383562
8,4,5.524861640766014,4.446970134231252,15.02215732526059,29.740126739945346,29.602739726027398
8,5,4.910100628221266,3.869061972542758,15.090912801646791,25.546826875080725,25.638356164383563
8,6,9.221210252184898,7.20361748790003,8.920812862466958,80.7208895782395,80.75068493150685
8,7,9.743716279383252,7.658180339040362,9.513105618043536,80.72522698679406,80.5013698630137
8,8,10.95943885172279,8.66365406145172,8.068157708909215,107.21493666982735,107.38082191780822
8,9,9.331944767761863,7.5047025285557725,10.44067854445364,71.83229094942882,71.87945205479453
8,10,10.42259758515175,8.307997886647197,8.210595479994117,100.93443962692531,101.18630136986302
8,11,9.89658597959539,7.962262581084156,8.296628057026227,95.80464920209394,95.96986301369863
8,12,10.94963836324824,8.739800655965043,9.131321710110893,95.85476979175553,95.71232876712328
8,13,11.669348943241667,9.348365820406704,8.002048555260071,115.5288498515719,116.82465753424657
8,14,9.81240845596797,7.789835338338256,9.654306809593779,80.61991996130557,80.68767123287671
8,15,12.43548866515456,9.91583334484454,8.145842251734727,119.34030464675723,121.72876712328767
8,16,6.122852670146321,4.948558380158569,13.890823723432113,35.86055465352552,35.62465753424657
8,17,6.5438498439707695,5.307033172902765,11.892602579257792,44.75410241499905,44.62465753424657
8,18,11.451357970254652,9.147831299331328,7.847694136498308,115.51478949373099,116.56712328767124
8,19,7.921138044656172,6.260961245476426,11.141043557911932,56.24395549636513,56.1972602739726
8,20,8.364473788344123,6.676836556903482,10.256924845411493,65.3152046198655,65.0958904109589
8,21,7.7261774909791985,6.15240644886645,11.033944348645116,55.722291263848135,55.75890410958904
8,22,11.566621649323853,8.923078306874158,7.994608561842627,111.12523325999202,111.61369863013698
8,23,7.0953060884775185,5.627510244825563,13.886163056796446,40.57273035251947,40.52602739726027
8,24,9.988255413889005,7.727980088875035,8.488196961991477,90.95748481608857,91.04383561643836
8,25,10.658494343836557,8.355519806701027,7.510810810111747,110.67694866009424,111.24657534246575
8,26,8.498152770102022,6.6583066361641565,10.10428206469282,66.01991680308741,65.8958904109589
8,27,5.622880787186465,4.551225686718844,15.057989264434173,30.40530901937899,30.224657534246575
8,28,11.755717992780053,9.451318870817946,7.754645029556602,118.9958739352502,121.87945205479453
8,29,10.377205606402098,8.368841241419483,8.702889122533723,95.8858243166759,96.16164383561645
8,30,7.637079344376148,6.041947298131487,10.918461054648938,55.43834103188669,55.33698630136986
8,31,9.432649863059924,7.271351219117433,9.011419241402496,80.93034615212575,80.69041095890411
8,32,8.28574820932134,6.598603112143426,10.84514650545907,61.012710352568725,60.843835616438355
8,33,10.108172978795876,8.034336793785561,8.3044004466676,96.8363066285736,96.74794520547945
8,34,6.151083510726709,4.940915193110634,13.867236028338189,35.576566937271494,35.63013698630137
8,35,10.209779428726845,8.146175260947004,8.995171593543054,90.67465748799411,90.56164383561644
8,36,10.138352593410648,8.246942930765206,7.710977200423446,106.22212079556351,106.95068493150686
8,37,6.23857079312978,4.932892549173595,12.112383319531533,40.83418513183169,40.726027397260275
8,38,10.237154073782301,8.168271966729527,7.335627950338994,110.21689497652089,111.35068493150685
8,39,8.489049892906635,6.906936675078032,11.348842560563076,60.9326617688774,60.86027397260274
8,40,6.156876308456945,5.0190196928797075,12.414896909061355,40.53675395038843,40.42739726027397
8,41,6.099819715487314,4.906048807299543,15.99131822347145,30.67812497396186,30.67945205479452
8,42,7.834585997523547,6.154270451372878,12.20156824959859,50.53090632832994,50.43835616438356
8,43,9.298586093883692,7.2904991986030625,10.27346230982209,71.11956118448938,70.96438356164384
8,44,6.243652829897473,5.004505874140404,12.317226190568086,40.673375888543774,40.63013698630137
8,45,10.596806677385008,8.501963885811389,7.68408274934049,110.07282416601268,110.64383561643835
8,46,8.584062523130372,6.789975740979416,8.379001776514594,81.13648757414535,81.03561643835616
8,47,5.651688662954633,4.431301067073422,14.47101091063612,30.643106902373166,30.621917808219177
8,48,9.02720199496575,7.004512292495717,9.823056774737529,71.44572876693175,71.30684931506849
8,49,6.1998509603320215,5.049792094058246,12.404429062058414,40.64690986586448,40.70958904109589
8,50,9.877212497381766,7.85478877870155,8.6155539989364,91.31141931410215,91.16986301369863
9,1,5.022914637282967,3.9693773618066066,15.052703761656222,26.42000645419788,26.36986301369863
9,2,8.594013677932889,6.792060689666241,9.822505454765157,69.36058612002167,69.14794520547945
9,3,6.311532342546449,5.035127732229782,11.653910096790554,43.28832842263058,43.205479452054796
9,4,5.60582539288003,4.4573842528073575,17.1419792674606,26.04549613502401,26.002739726027396
9,5,4.888064548820358,4.027164710123344,18.4292266699476,21.849288312927605,21.852054794520548
9,6,8.710130467656509,6.777472824857422,9.814630355377739,69.36930716576721,69.05479452054794
9,7,8.65840123733749,6.933055891185898,9.977783298962436,69.54701410566108,69.48493150684932
9,8,9.332554129851328,7.602433685102047,8.294142441003846,91.20366880023718,91.66027397260274
9,9,7.9129284943930145,6.26444673572745,10.308475986387085,60.87087304453091,60.76986301369863
9,10,9.804883543529373,7.81033598870776,8.913957149177113,87.71055585522456,87.61917808219178
9,11,9.391052679970636,7.375248801769507,8.932427954494043,82.46413895769433,82.56712328767124
9,12,9.630608136695045,7.717600884756741,9.326637496064002,82.92811366687454,82.74794520547945
9,13,9.93713769226501,7.95251112212576,7.938374291196232,99.88545544672724,100.17808219178082
9,14,8.192101172064874,6.531495829265539,9.428126147599153,69.53690851374914,69.27671232876712
9,15,10.343385050223544,8.018819841938287,7.6603571040291945,104.59134136621957,104.67945205479452
9,16,5.8487570967754765,4.657414635633773,15.251716687657701,30.52452160847606,30.53698630136986
9,17,6.7155391906534705,5.2998288384381524,13.538896458776073,39.36386719101674,39.14520547945205
9,18,11.066253130695484,8.730674759342623,8.709676088225804,100.1918513524825,100.24109589041096
9,19,7.150619505058357,5.540861544318669,11.504064070968793,48.37110229411049,48.16438356164384
9,20,6.990033951878639,5.532546257227506,9.871336871916897,56.25974781896948,56.04657534246575
9,21,7.311306192281034,5.75492899517202,11.986698717403488,48.27856143038689,48.010958904109586
9,22,9.734978866086923,7.707228861925225,8.034324940317322,95.82468422204872,95.92876712328767
9,23,6.238069746760921,5.0271840294440615,14.557097744919338,34.49316412255972,34.534246575342465
9,24,9.030020000842017,7.222750616360722,9.304711731802715,77.75956942302277,77.62465753424658
9,25,10.420280142382436,8.20956668428532,8.578807981230902,95.66432374098261,95.69589041095891
9,26,7.46903036480106,5.890365129940879,10.606202320696664,55.64749849593673,55.536986301369865
9,27,5.20845465017292,4.1099395707135455,15.727908820616946,26.22008312952865,26.13150684931507
9,28,10.528209521515658,8.439225741532006,8.075284822805564,104.33576612431968,104.5068493150685
9,29,10.226516603202603,8.219601529402325,9.830770555841957,83.57573314337323,83.6109589041096
9,30,7.68858342717519,6.206902532313295,12.90894258857181,48.270839425616764,48.082191780821915
9,31,9.310699194279431,7.223276423783637,10.439914051956235,69.06669705629756,69.18904109589042
9,32,7.376490349043238,5.808309903738525,11.079347347084202,52.51094980619072,52.42465753424658
9,33,9.048792026920617,7.400069707302418,8.96665485896286,82.67688071007011,82.52876712328766
9,34,5.837484617689141,4.595498080623086,15.067883573728228,30.614132210169938,30.4986301369863
9,35,9.061388855854641,7.4490272169913885,9.512279796388961,78.20423845788996,78.30958904109589
9,36,9.975084786122581,7.772129724196654,8.541316199475443,91.05497937767622,90.9945205479452
9,37,6.012171662741804,4.7331367112467335,13.422382873164928,35.262201469275446,35.26301369863014
9,38,9.889122891389375,7.870696342342145,8.220224805296105,95.77741012650951,95.74794520547945
9,39,7.791272413738803,6.138227274858647,11.679975786275707,52.68057517699914,52.553424657534244
9,40,6.485727451978617,5.287436922369968,15.327729939361756,34.555834192641775,34.49589041095891
9,41,5.465918571752632,4.349500201144674,16.55268036094053,26.390722344109324,26.276712328767122
9,42,6.772453877414139,5.34852834458105,12.490165360026124,42.93813928976019,42.821917808219176
9,43,8.440063361733392,6.729100905126003,11.027845861938717,60.95530733853999,61.01917808219178
9,44,5.922619712018768,4.751776576549861,13.783664074073743,34.558243310510406,34.47397260273973
9,45,9.629342667730942,7.500160082493611,7.77914361657858,96.2421708971506,96.41369863013699
9,46,8.53810636826975,6.817730284378938,9.857675304224022,69.39761836096378,69.16164383561645
9,47,5.025388226644175,4.129036487852206,15.840848413559543,26.051501109754696,26.065753424657533
9,48,8.131136087290121,6.365062258436942,10.475460926726864,60.85282402358314,60.76164383561644
9,49,6.08421568211877,4.729680818299161,13.339000917008143,35.566545427390224,35.45753424657534
9,50,8.30505493790136,6.605445362737689,8.546873541774811,77.48429320893526,77.28493150684932
10,1,5.119374712455129,4.032128968958198,14.630948142655756,27.707026852600823,27.55890410958904
10,2,9.152458308608717,7.285084931606961,9.856386685582848,74.08351959330113,73.91232876712328
10,3,7.159746623725074,5.699756254889712,12.332746653830961,46.336918230537385,46.21643835616438
10,4,5.730120223893353,4.546529777004668,16.389959196115594,27.80256740997072,27.73972602739726
10,5,5.037884687169002,3.986177818024565,16.989197846554955,23.597237006658737,23.46301369863014
10,6,8.67304210583641,6.903426473142882,9.327573342330464,73.99544186615945,74.01095890410959
10,7,8.279827129561209,6.597802779051588,8.962737780914177,73.7949998544788,73.61369863013698
10,8,10.437826143419828,8.219190227309246,8.460965205651563,97.11838795551137,97.14246575342466
10,9,8.268139314299106,6.288000077795784,9.710272585866734,65.09445729225797,64.75616438356164
10,10,9.982665512535961,7.860851230887976,8.480007977757088,92.65672431154697,92.6986301369863
10,11,9.446306796183498,7.4158173620203724,8.394917771725448,88.18064846597842,88.33698630136986
10,12,10.01188839712861,7.872541446148807,8.911666132751254,88.2726151440953,88.33972602739726
10,13,10.744162051100362,8.360582851029193,7.831877478250834,106.27232409671527,106.75068493150685
10,14,8.690314610883082,6.969901899031084,9.357121498993475,74.69859058513535,74.4876712328767
10,15,10.218364434401202,8.14158945973471,7.335127373443511,110.15745563474037,110.9945205479452
10,16,5.817621629324322,4.718550305426384,14.58686255171195,32.37426203925607,32.347945205479455
10,17,6.790478129938553,5.32239136934038,12.71965461801374,41.84574675545934,41.843835616438355
10,18,10.741330067339403,8.30497468884945,7.8197233623888796,105.86572130259353,106.20547945205479
10,19,7.638854819870057,5.995484828499425,11.775462561355415,51.17097934705832,50.915068493150685
10,20,8.014242936177794,6.256057331252023,10.384087884979484,60.24456640361752,60.24657534246575
10,21,7.62342259341236,6.0329512868701975,11.693007751208699,51.60852559297828,51.59452054794521
10,22,10.71717365986766,8.504687223433123,8.391800266424507,101.11465704201494,101.34520547945205
10,23,6.517591218632049,5.151641476050032,13.77545156599459,37.410666151781776,37.397260273972606
10,24,9.39965312706705,7.317966292848541,8.806942849713863,82.94224366583711,83.0931506849315
10,25,10.412211687793164,8.400356079387974,8.311547760847413,100.86950163122,101.06849315068493
10,26,7.909452899243054,6.205316419866328,10.233318995396964,61.02464672289444,60.63835616438356
10,27,4.891672368879582,3.936501994095987,14.258442272948649,27.493678449179445,27.60821917808219
10,28,10.37594018533045,8.270544176945478,7.447080680346112,110.59496233390384,111.05753424657534
10,29,9.178764316834709,7.294758158465979,8.325006184035527,87.92126171378547,87.62465753424658
10,30,7.6237491039947045,6.0082483328471055,11.787211187794643,51.18394740364208,50.97260273972603
10,31,8.794369407511148,7.025034200563427,9.556266708428932,73.81965102499272,73.5123287671233
10,32,7.304968751590673,5.668333728528403,10.21649207897322,55.63210775528804,55.48219178082192
10,33,9.906583227621,7.961950988261044,8.99363138896197,88.86115234957694,88.52876712328766
10,34,6.089914952673298,4.898598738230035,15.215628792902416,32.34374892883295,32.1945205479452
10,35,9.600364486199128,7.573997611628282,9.125599551872723,83.15805655093398,82.9972602739726
10,36,10.339640466134503,8.384216759722769,8.66505965200558,96.69362226607531,96.75890410958904
10,37,6.312556140274757,4.961451369498808,13.476185071194113,36.96020377552416,36.81643835616438
10,38,11.022737151436917,8.569598538706614,8.465690880772746,100.64335880656667,101.22739726027397
10,39,7.252463615673004,5.756645588403738,10.338396180709331,55.73555889879369,55.68219178082192
10,40,5.956930879581655,4.820316057564917,13.06173244997175,36.97898982351418,36.9041095890411
10,41,5.407705815567248,4.335112324703985,15.724098166719214,27.656207706236565,27.56986301369863
10,42,6.895852600460838,5.36237728290675,11.557530016303302,46.663863759527615,46.397260273972606
10,43,8.770344176545972,6.827613039669276,10.40316743677431,65.84728217556132,65.63013698630137
10,44,5.877950052682719,4.75491547270763,12.816010541561695,37.2168412811674,37.1013698630137
10,45,10.401360035072196,8.353972919962096,8.106340863448533,102.81601710738678,103.05479452054794
10,46,8.981105501008416,7.106746801345621,9.620809222205889,74.03837461229035,73.86849315068493
10,47,5.772742588065179,4.552157291636779,16.19590029678745,28.192156189905116,28.106849315068494
10,48,8.6342766949026,6.7797759071616035,10.420761385075949,65.30168493820142,65.06027397260274
10,49,6.494403926176206,5.030300736905153,13.69682781775741,36.83962553076118,36.726027397260275
10,50,9.183493498618994,7.177264597287494,8.657308585624374,83.20817885740927,82.9041095890411
